--
-- PostgreSQL database dump
--

-- Dumped from database version 15.1 (Debian 15.1-1.pgdg110+1)
-- Dumped by pg_dump version 15.1 (Debian 15.1-1.pgdg110+1)

SET statement_timeout = 0;
SET lock_timeout = 0;
SET idle_in_transaction_session_timeout = 0;
SET client_encoding = 'UTF8';
SET standard_conforming_strings = on;
SELECT pg_catalog.set_config('search_path', '', false);
SET check_function_bodies = false;
SET xmloption = content;
SET client_min_messages = warning;
SET row_security = off;

--
-- Name: rent_bike(); Type: FUNCTION; Schema: public; Owner: root
--

CREATE FUNCTION public.rent_bike() RETURNS trigger
    LANGUAGE plpgsql
    AS $$
    BEGIN
		UPDATE bike SET state = 1 WHERE id = NEW.bike_id;
		UPDATE slots SET bike_id = 0 WHERE id = NEW.slot_id;
 		RETURN NULL;
	END;
$$;


ALTER FUNCTION public.rent_bike() OWNER TO root;

--
-- Name: unlet_bike(); Type: FUNCTION; Schema: public; Owner: root
--

CREATE FUNCTION public.unlet_bike() RETURNS trigger
    LANGUAGE plpgsql
    AS $$
    BEGIN
		UPDATE bike SET state = 0 WHERE id = NEW.bike_id;
	RETURN NULL;
	END;
$$;


ALTER FUNCTION public.unlet_bike() OWNER TO root;

SET default_tablespace = '';

SET default_table_access_method = heap;

--
-- Name: _user; Type: TABLE; Schema: public; Owner: root
--

CREATE TABLE public._user (
    id integer NOT NULL,
    profile_id integer,
    username character varying(15),
    password character varying(200),
    admin boolean
);


ALTER TABLE public._user OWNER TO root;

--
-- Name: _user_id_seq; Type: SEQUENCE; Schema: public; Owner: root
--

ALTER TABLE public._user ALTER COLUMN id ADD GENERATED ALWAYS AS IDENTITY (
    SEQUENCE NAME public._user_id_seq
    START WITH 3
    INCREMENT BY 1
    NO MINVALUE
    MAXVALUE 1000
    CACHE 1
);


--
-- Name: alerts; Type: TABLE; Schema: public; Owner: root
--

CREATE TABLE public.alerts (
    id integer NOT NULL,
    user_id integer,
    type integer,
    body character varying(150),
    incidence_id integer,
    rent_id integer,
    date timestamp without time zone
);


ALTER TABLE public.alerts OWNER TO root;

--
-- Name: alerts_id_seq; Type: SEQUENCE; Schema: public; Owner: root
--

ALTER TABLE public.alerts ALTER COLUMN id ADD GENERATED ALWAYS AS IDENTITY (
    SEQUENCE NAME public.alerts_id_seq
    START WITH 4
    INCREMENT BY 1
    NO MINVALUE
    MAXVALUE 10000
    CACHE 1
);


--
-- Name: auth_group; Type: TABLE; Schema: public; Owner: root
--

CREATE TABLE public.auth_group (
    id integer NOT NULL,
    name character varying(150) NOT NULL
);


ALTER TABLE public.auth_group OWNER TO root;

--
-- Name: auth_group_id_seq; Type: SEQUENCE; Schema: public; Owner: root
--

ALTER TABLE public.auth_group ALTER COLUMN id ADD GENERATED BY DEFAULT AS IDENTITY (
    SEQUENCE NAME public.auth_group_id_seq
    START WITH 1
    INCREMENT BY 1
    NO MINVALUE
    NO MAXVALUE
    CACHE 1
);


--
-- Name: auth_group_permissions; Type: TABLE; Schema: public; Owner: root
--

CREATE TABLE public.auth_group_permissions (
    id bigint NOT NULL,
    group_id integer NOT NULL,
    permission_id integer NOT NULL
);


ALTER TABLE public.auth_group_permissions OWNER TO root;

--
-- Name: auth_group_permissions_id_seq; Type: SEQUENCE; Schema: public; Owner: root
--

ALTER TABLE public.auth_group_permissions ALTER COLUMN id ADD GENERATED BY DEFAULT AS IDENTITY (
    SEQUENCE NAME public.auth_group_permissions_id_seq
    START WITH 1
    INCREMENT BY 1
    NO MINVALUE
    NO MAXVALUE
    CACHE 1
);


--
-- Name: auth_permission; Type: TABLE; Schema: public; Owner: root
--

CREATE TABLE public.auth_permission (
    id integer NOT NULL,
    name character varying(255) NOT NULL,
    content_type_id integer NOT NULL,
    codename character varying(100) NOT NULL
);


ALTER TABLE public.auth_permission OWNER TO root;

--
-- Name: auth_permission_id_seq; Type: SEQUENCE; Schema: public; Owner: root
--

ALTER TABLE public.auth_permission ALTER COLUMN id ADD GENERATED BY DEFAULT AS IDENTITY (
    SEQUENCE NAME public.auth_permission_id_seq
    START WITH 1
    INCREMENT BY 1
    NO MINVALUE
    NO MAXVALUE
    CACHE 1
);


--
-- Name: auth_user; Type: TABLE; Schema: public; Owner: root
--

CREATE TABLE public.auth_user (
    id integer NOT NULL,
    password character varying(128) NOT NULL,
    last_login timestamp with time zone,
    is_superuser boolean NOT NULL,
    username character varying(150) NOT NULL,
    first_name character varying(150) NOT NULL,
    last_name character varying(150) NOT NULL,
    email character varying(254) NOT NULL,
    is_staff boolean NOT NULL,
    is_active boolean NOT NULL,
    date_joined timestamp with time zone NOT NULL
);


ALTER TABLE public.auth_user OWNER TO root;

--
-- Name: auth_user_groups; Type: TABLE; Schema: public; Owner: root
--

CREATE TABLE public.auth_user_groups (
    id bigint NOT NULL,
    user_id integer NOT NULL,
    group_id integer NOT NULL
);


ALTER TABLE public.auth_user_groups OWNER TO root;

--
-- Name: auth_user_groups_id_seq; Type: SEQUENCE; Schema: public; Owner: root
--

ALTER TABLE public.auth_user_groups ALTER COLUMN id ADD GENERATED BY DEFAULT AS IDENTITY (
    SEQUENCE NAME public.auth_user_groups_id_seq
    START WITH 1
    INCREMENT BY 1
    NO MINVALUE
    NO MAXVALUE
    CACHE 1
);


--
-- Name: auth_user_id_seq; Type: SEQUENCE; Schema: public; Owner: root
--

ALTER TABLE public.auth_user ALTER COLUMN id ADD GENERATED BY DEFAULT AS IDENTITY (
    SEQUENCE NAME public.auth_user_id_seq
    START WITH 1
    INCREMENT BY 1
    NO MINVALUE
    NO MAXVALUE
    CACHE 1
);


--
-- Name: auth_user_user_permissions; Type: TABLE; Schema: public; Owner: root
--

CREATE TABLE public.auth_user_user_permissions (
    id bigint NOT NULL,
    user_id integer NOT NULL,
    permission_id integer NOT NULL
);


ALTER TABLE public.auth_user_user_permissions OWNER TO root;

--
-- Name: auth_user_user_permissions_id_seq; Type: SEQUENCE; Schema: public; Owner: root
--

ALTER TABLE public.auth_user_user_permissions ALTER COLUMN id ADD GENERATED BY DEFAULT AS IDENTITY (
    SEQUENCE NAME public.auth_user_user_permissions_id_seq
    START WITH 1
    INCREMENT BY 1
    NO MINVALUE
    NO MAXVALUE
    CACHE 1
);


--
-- Name: bike; Type: TABLE; Schema: public; Owner: root
--

CREATE TABLE public.bike (
    id integer NOT NULL,
    state integer
);


ALTER TABLE public.bike OWNER TO root;

--
-- Name: bike_id_seq; Type: SEQUENCE; Schema: public; Owner: root
--

ALTER TABLE public.bike ALTER COLUMN id ADD GENERATED ALWAYS AS IDENTITY (
    SEQUENCE NAME public.bike_id_seq
    START WITH 21
    INCREMENT BY 1
    NO MINVALUE
    MAXVALUE 1000
    CACHE 1
);


--
-- Name: django_admin_log; Type: TABLE; Schema: public; Owner: root
--

CREATE TABLE public.django_admin_log (
    id integer NOT NULL,
    action_time timestamp with time zone NOT NULL,
    object_id text,
    object_repr character varying(200) NOT NULL,
    action_flag smallint NOT NULL,
    change_message text NOT NULL,
    content_type_id integer,
    user_id integer NOT NULL,
    CONSTRAINT django_admin_log_action_flag_check CHECK ((action_flag >= 0))
);


ALTER TABLE public.django_admin_log OWNER TO root;

--
-- Name: django_admin_log_id_seq; Type: SEQUENCE; Schema: public; Owner: root
--

ALTER TABLE public.django_admin_log ALTER COLUMN id ADD GENERATED BY DEFAULT AS IDENTITY (
    SEQUENCE NAME public.django_admin_log_id_seq
    START WITH 1
    INCREMENT BY 1
    NO MINVALUE
    NO MAXVALUE
    CACHE 1
);


--
-- Name: django_content_type; Type: TABLE; Schema: public; Owner: root
--

CREATE TABLE public.django_content_type (
    id integer NOT NULL,
    app_label character varying(100) NOT NULL,
    model character varying(100) NOT NULL
);


ALTER TABLE public.django_content_type OWNER TO root;

--
-- Name: django_content_type_id_seq; Type: SEQUENCE; Schema: public; Owner: root
--

ALTER TABLE public.django_content_type ALTER COLUMN id ADD GENERATED BY DEFAULT AS IDENTITY (
    SEQUENCE NAME public.django_content_type_id_seq
    START WITH 1
    INCREMENT BY 1
    NO MINVALUE
    NO MAXVALUE
    CACHE 1
);


--
-- Name: django_migrations; Type: TABLE; Schema: public; Owner: root
--

CREATE TABLE public.django_migrations (
    id bigint NOT NULL,
    app character varying(255) NOT NULL,
    name character varying(255) NOT NULL,
    applied timestamp with time zone NOT NULL
);


ALTER TABLE public.django_migrations OWNER TO root;

--
-- Name: django_migrations_id_seq; Type: SEQUENCE; Schema: public; Owner: root
--

ALTER TABLE public.django_migrations ALTER COLUMN id ADD GENERATED BY DEFAULT AS IDENTITY (
    SEQUENCE NAME public.django_migrations_id_seq
    START WITH 1
    INCREMENT BY 1
    NO MINVALUE
    NO MAXVALUE
    CACHE 1
);


--
-- Name: django_session; Type: TABLE; Schema: public; Owner: root
--

CREATE TABLE public.django_session (
    session_key character varying(40) NOT NULL,
    session_data text NOT NULL,
    expire_date timestamp with time zone NOT NULL
);


ALTER TABLE public.django_session OWNER TO root;

--
-- Name: incidence; Type: TABLE; Schema: public; Owner: root
--

CREATE TABLE public.incidence (
    id integer NOT NULL,
    user_id integer,
    description character(150),
    answer character(150),
    state integer
);


ALTER TABLE public.incidence OWNER TO root;

--
-- Name: incidence_id_seq; Type: SEQUENCE; Schema: public; Owner: root
--

ALTER TABLE public.incidence ALTER COLUMN id ADD GENERATED ALWAYS AS IDENTITY (
    SEQUENCE NAME public.incidence_id_seq
    START WITH 8
    INCREMENT BY 1
    NO MINVALUE
    MAXVALUE 10000
-- Name: history; Type: TABLE; Schema: public; Owner: root
--

CREATE TABLE public.history (
    id integer NOT NULL,
    user_id integer,
    slot_rent_id integer,
    slot_left_id integer,
    state boolean,
    bike_id integer,
    date_reserved date
);


ALTER TABLE public.history OWNER TO root;

--
-- Name: history_id_seq; Type: SEQUENCE; Schema: public; Owner: root
--

ALTER TABLE public.history ALTER COLUMN id ADD GENERATED ALWAYS AS IDENTITY (
    SEQUENCE NAME public.history_id_seq
    START WITH 1
    INCREMENT BY 1
    NO MINVALUE
    NO MAXVALUE
    CACHE 1
);


--
-- Name: profile; Type: TABLE; Schema: public; Owner: root
--

CREATE TABLE public.profile (
    id integer NOT NULL,
    avatar character varying(500),
    email character varying(100)
);


ALTER TABLE public.profile OWNER TO root;

--
-- Name: profile_id_seq; Type: SEQUENCE; Schema: public; Owner: root
--

ALTER TABLE public.profile ALTER COLUMN id ADD GENERATED ALWAYS AS IDENTITY (
    SEQUENCE NAME public.profile_id_seq
    START WITH 3
    INCREMENT BY 1
    NO MINVALUE
    MAXVALUE 1000
    CACHE 1
);


--
-- Name: profile_profile; Type: TABLE; Schema: public; Owner: root
--

CREATE TABLE public.profile_profile (
    id bigint NOT NULL,
    avatar character varying(300) NOT NULL
);


ALTER TABLE public.profile_profile OWNER TO root;

--
-- Name: profile_profile_id_seq; Type: SEQUENCE; Schema: public; Owner: root
--

ALTER TABLE public.profile_profile ALTER COLUMN id ADD GENERATED BY DEFAULT AS IDENTITY (
    SEQUENCE NAME public.profile_profile_id_seq
    START WITH 1
    INCREMENT BY 1
    NO MINVALUE
    NO MAXVALUE
    CACHE 1
);


--
-- Name: renting; Type: TABLE; Schema: public; Owner: root
--

CREATE TABLE public.renting (
    id integer NOT NULL,
    user_id integer,
    station_id integer,
    slot_id integer,
    bike_id integer,
    date date
);


ALTER TABLE public.renting OWNER TO root;

--
-- Name: renting_id_seq; Type: SEQUENCE; Schema: public; Owner: root
--

ALTER TABLE public.renting ALTER COLUMN id ADD GENERATED ALWAYS AS IDENTITY (
    SEQUENCE NAME public.renting_id_seq
    START WITH 2
    INCREMENT BY 1
    NO MINVALUE
    MAXVALUE 1000
    CACHE 1
);


--
-- Name: slot_station; Type: TABLE; Schema: public; Owner: root
--

CREATE TABLE public.slot_station (
    id bigint NOT NULL,
    name character varying(100) NOT NULL,
    lat numeric(15,10) NOT NULL,
    long numeric(15,10) NOT NULL,
    bikes integer NOT NULL
);


ALTER TABLE public.slot_station OWNER TO root;

--
-- Name: slot_station_id_seq; Type: SEQUENCE; Schema: public; Owner: root
--

ALTER TABLE public.slot_station ALTER COLUMN id ADD GENERATED BY DEFAULT AS IDENTITY (
    SEQUENCE NAME public.slot_station_id_seq
    START WITH 1
    INCREMENT BY 1
    NO MINVALUE
    NO MAXVALUE
    CACHE 1
);


--
-- Name: slots; Type: TABLE; Schema: public; Owner: root
--

CREATE TABLE public.slots (
    id integer NOT NULL,
    station_id integer,
    bike_id integer,
    state boolean
);


ALTER TABLE public.slots OWNER TO root;

--
-- Name: slots_id_seq; Type: SEQUENCE; Schema: public; Owner: root
--

ALTER TABLE public.slots ALTER COLUMN id ADD GENERATED ALWAYS AS IDENTITY (
    SEQUENCE NAME public.slots_id_seq
    START WITH 7
    INCREMENT BY 1
    NO MINVALUE
    MAXVALUE 1000
    CACHE 1
);


--
-- Name: station; Type: TABLE; Schema: public; Owner: root
--

CREATE TABLE public.station (
    id integer NOT NULL,
    name character varying(100),
    long numeric,
    lat numeric,
    img character varying(500)
);


ALTER TABLE public.station OWNER TO root;

--
-- Name: station_id_seq; Type: SEQUENCE; Schema: public; Owner: root
--

ALTER TABLE public.station ALTER COLUMN id ADD GENERATED ALWAYS AS IDENTITY (
    SEQUENCE NAME public.station_id_seq
    START WITH 7
    INCREMENT BY 1
    NO MINVALUE
    MAXVALUE 10000
    CACHE 1
);


--
-- Name: station_station; Type: TABLE; Schema: public; Owner: root
--

CREATE TABLE public.station_station (
    id bigint NOT NULL,
    name character varying(100) NOT NULL,
    lat numeric(15,10) NOT NULL,
    long numeric(15,10) NOT NULL,
    bikes integer NOT NULL
);


ALTER TABLE public.station_station OWNER TO root;

--
-- Name: station_station_id_seq; Type: SEQUENCE; Schema: public; Owner: root
--

ALTER TABLE public.station_station ALTER COLUMN id ADD GENERATED BY DEFAULT AS IDENTITY (
    SEQUENCE NAME public.station_station_id_seq
    START WITH 1
    INCREMENT BY 1
    NO MINVALUE
    NO MAXVALUE
    CACHE 1
);


--
-- Name: user_user; Type: TABLE; Schema: public; Owner: root
--

CREATE TABLE public.user_user (
    id bigint NOT NULL,
    username character varying(15) NOT NULL,
    password character varying(150) NOT NULL,
    profile_id_id bigint NOT NULL,
    "isAdmin" boolean
);


ALTER TABLE public.user_user OWNER TO root;

--
-- Name: user_user_id_seq; Type: SEQUENCE; Schema: public; Owner: root
--

ALTER TABLE public.user_user ALTER COLUMN id ADD GENERATED BY DEFAULT AS IDENTITY (
    SEQUENCE NAME public.user_user_id_seq
    START WITH 1
    INCREMENT BY 1
    NO MINVALUE
    NO MAXVALUE
    CACHE 1
);


--
-- Data for Name: _user; Type: TABLE DATA; Schema: public; Owner: root
--

COPY public._user (id, profile_id, username, password, admin) FROM stdin;
6	5	holamundo2	pbkdf2_sha256$390000$pcJ4khXoxzVJ733G207Uwe$bUmhMTX0aQRG0+Qi+28GG8DsgH2zzFJ40JxuqiM1PBk=	f
3	1	eljefe	pbkdf2_sha256$390000$9uijTyhWPzOSLNYppNy0ra$MV8c1ngvXP1L5Sfe2Jm0o5d7CyQTgR8rVuftOYvPtTo=	f
4	3	yo	pbkdf2_sha256$390000$9uijTyhWPzOSLNYppNy0ra$MV8c1ngvXP1L5Sfe2Jm0o5d7CyQTgR8rVuftOYvPtTo=	f
1	1	rferritorro	pbkdf2_sha256$390000$5i6n40QAUPPNOmvURhuBIt$zYOofDBCnSC2jw6qgp86nOnUePUC37Xbtv+juWOhL3c=	t
8	7	admin	pbkdf2_sha256$390000$kXzRLY0GmkJBLsgFDl1mtb$IfRlKDHeovCkJZzStxjFb8LuIw7xtML0t4esV7/Tt+o=	t
2	2	sbiosca	pbkdf2_sha256$390000$9uijTyhWPzOSLNYppNy0ra$MV8c1ngvXP1L5Sfe2Jm0o5d7CyQTgR8rVuftOYvPtTo=	f
7	6	bioskin	pbkdf2_sha256$390000$Zce6q26AhVpsK0OTb2Zawb$9aPjJxGHaFy8pbHULu7fUAi+6QlVByAsINgu3QT9TyQ=	f
\.


--
-- Data for Name: alerts; Type: TABLE DATA; Schema: public; Owner: root
--

COPY public.alerts (id, user_id, type, body, incidence_id, rent_id, date) FROM stdin;
34	7	-1	Acabas de dejar una bici en San Josep	\N	\N	2023-02-21 19:34:00
35	7	2	Acabas de crear una incidencia	37	\N	2023-02-21 19:40:38
37	7	-1	Acabas de dejar una bici en Almaig	\N	\N	2023-02-21 19:41:41
38	7	1	Tu incidencia ha sido gestionada	37	\N	2023-02-21 19:42:20
\.


--
-- Data for Name: auth_group; Type: TABLE DATA; Schema: public; Owner: root
--

COPY public.auth_group (id, name) FROM stdin;
\.


--
-- Data for Name: auth_group_permissions; Type: TABLE DATA; Schema: public; Owner: root
--

COPY public.auth_group_permissions (id, group_id, permission_id) FROM stdin;
\.


--
-- Data for Name: auth_permission; Type: TABLE DATA; Schema: public; Owner: root
--

COPY public.auth_permission (id, name, content_type_id, codename) FROM stdin;
1	Can add log entry	1	add_logentry
2	Can change log entry	1	change_logentry
3	Can delete log entry	1	delete_logentry
4	Can view log entry	1	view_logentry
5	Can add permission	2	add_permission
6	Can change permission	2	change_permission
7	Can delete permission	2	delete_permission
8	Can view permission	2	view_permission
9	Can add group	3	add_group
10	Can change group	3	change_group
11	Can delete group	3	delete_group
12	Can view group	3	view_group
13	Can add user	4	add_user
14	Can change user	4	change_user
15	Can delete user	4	delete_user
16	Can view user	4	view_user
17	Can add content type	5	add_contenttype
18	Can change content type	5	change_contenttype
19	Can delete content type	5	delete_contenttype
20	Can view content type	5	view_contenttype
21	Can add session	6	add_session
22	Can change session	6	change_session
23	Can delete session	6	delete_session
24	Can view session	6	view_session
25	Can add profile	7	add_profile
26	Can change profile	7	change_profile
27	Can delete profile	7	delete_profile
28	Can view profile	7	view_profile
29	Can add user	8	add_user
30	Can change user	8	change_user
31	Can delete user	8	delete_user
32	Can view user	8	view_user
33	Can add station	9	add_station
34	Can change station	9	change_station
35	Can delete station	9	delete_station
36	Can view station	9	view_station
37	Can add station	10	add_station
38	Can change station	10	change_station
39	Can delete station	10	delete_station
40	Can view station	10	view_station
41	Can add slots	11	add_slots
42	Can change slots	11	change_slots
43	Can delete slots	11	delete_slots
44	Can view slots	11	view_slots
45	Can add bike	12	add_bike
46	Can change bike	12	change_bike
47	Can delete bike	12	delete_bike
48	Can view bike	12	view_bike
49	Can add renting	13	add_renting
50	Can change renting	13	change_renting
51	Can delete renting	13	delete_renting
52	Can view renting	13	view_renting
53	Can add alerts	14	add_alerts
54	Can change alerts	14	change_alerts
55	Can delete alerts	14	delete_alerts
56	Can view alerts	14	view_alerts
57	Can add history	15	add_history
58	Can change history	15	change_history
59	Can delete history	15	delete_history
60	Can view history	15	view_history
61	Can add incidence	16	add_incidence
62	Can change incidence	16	change_incidence
63	Can delete incidence	16	delete_incidence
64	Can view incidence	16	view_incidence
\.


--
-- Data for Name: auth_user; Type: TABLE DATA; Schema: public; Owner: root
--

COPY public.auth_user (id, password, last_login, is_superuser, username, first_name, last_name, email, is_staff, is_active, date_joined) FROM stdin;
\.


--
-- Data for Name: auth_user_groups; Type: TABLE DATA; Schema: public; Owner: root
--

COPY public.auth_user_groups (id, user_id, group_id) FROM stdin;
\.


--
-- Data for Name: auth_user_user_permissions; Type: TABLE DATA; Schema: public; Owner: root
--

COPY public.auth_user_user_permissions (id, user_id, permission_id) FROM stdin;
\.


--
-- Data for Name: bike; Type: TABLE DATA; Schema: public; Owner: root
--

COPY public.bike (id, state) FROM stdin;
4	0
5	0
6	0
7	0
8	0
9	0
10	0
11	0
12	0
13	0
14	0
15	0
20	2
17	1
19	1
18	1
16	1
1	1
2	1
3	1
\.


--
-- Data for Name: django_admin_log; Type: TABLE DATA; Schema: public; Owner: root
--

COPY public.django_admin_log (id, action_time, object_id, object_repr, action_flag, change_message, content_type_id, user_id) FROM stdin;
\.


--
-- Data for Name: django_content_type; Type: TABLE DATA; Schema: public; Owner: root
--

COPY public.django_content_type (id, app_label, model) FROM stdin;
1	admin	logentry
2	auth	permission
3	auth	group
4	auth	user
5	contenttypes	contenttype
6	sessions	session
7	profile	profile
8	user	user
9	station	station
10	slot	station
11	slots	slots
12	bike	bike
13	renting	renting
14	alerts	alerts
15	history	history
16	incidence	incidence
\.


--
-- Data for Name: django_migrations; Type: TABLE DATA; Schema: public; Owner: root
--

COPY public.django_migrations (id, app, name, applied) FROM stdin;
1	contenttypes	0001_initial	2023-01-30 14:53:23.656531+00
2	auth	0001_initial	2023-01-30 14:53:23.91162+00
3	admin	0001_initial	2023-01-30 14:53:23.981615+00
4	admin	0002_logentry_remove_auto_add	2023-01-30 14:53:24.008619+00
5	admin	0003_logentry_add_action_flag_choices	2023-01-30 14:53:24.036317+00
6	contenttypes	0002_remove_content_type_name	2023-01-30 14:53:24.106314+00
7	auth	0002_alter_permission_name_max_length	2023-01-30 14:53:24.140316+00
8	auth	0003_alter_user_email_max_length	2023-01-30 14:53:24.172322+00
9	auth	0004_alter_user_username_opts	2023-01-30 14:53:24.199313+00
10	auth	0005_alter_user_last_login_null	2023-01-30 14:53:24.235311+00
11	auth	0006_require_contenttypes_0002	2023-01-30 14:53:24.250307+00
12	auth	0007_alter_validators_add_error_messages	2023-01-30 14:53:24.281309+00
13	auth	0008_alter_user_username_max_length	2023-01-30 14:53:24.335318+00
14	auth	0009_alter_user_last_name_max_length	2023-01-30 14:53:24.370319+00
15	auth	0010_alter_group_name_max_length	2023-01-30 14:53:24.407318+00
16	auth	0011_update_proxy_permissions	2023-01-30 14:53:24.440325+00
17	auth	0012_alter_user_first_name_max_length	2023-01-30 14:53:24.477317+00
18	sessions	0001_initial	2023-01-30 14:53:24.561303+00
19	profile	0001_initial	2023-02-01 20:34:28.361364+00
20	slot	0001_initial	2023-02-01 20:34:28.415524+00
21	station	0001_initial	2023-02-01 20:34:28.433554+00
22	user	0001_initial	2023-02-01 20:34:28.467509+00
\.


--
-- Data for Name: django_session; Type: TABLE DATA; Schema: public; Owner: root
--

COPY public.django_session (session_key, session_data, expire_date) FROM stdin;
\.


--
-- Data for Name: incidence; Type: TABLE DATA; Schema: public; Owner: root
--

COPY public.incidence (id, user_id, description, answer, state) FROM stdin;
13	8	prueba sbiosca                                                                                                                                        	                          prueba                                                                                                                      	1
7	6	Mi madre no me deja alquilar y soy menor, me dejais una sin que se entere                                                                             	No nos hacemos cargo de ello                                                                                                                          	1
15	7	bioskinnnnnnnnnnn                                                                                                                                     	hola señor bioskin                                                                                                                                    	1
6	4	Me he estrellado con la bicicletea                                                                                                                    	Donde esta la bici?                                                                                                                                   	1
37	7	aaaaaaaaaa                                                                                                                                            	oooooooo                                                                                                                                              	1
22	2	las bicis no me funciona correctamente                                                                                                                	prueba                                                                                                                                                	1
20	8	hola                                                                                                                                                  	hola                                                                                                                                                  	1
3	1	La estacion almaig no me gusta                                                                                                                        	Gracias por avisarnos                                                                                                                                 	1
23	2	prueba sbiosca                                                                                                                                        	aceptada                                                                                                                                              	1
14	7	bioskin incidence                                                                                                                                     	 perfecto gracias                                                                                                                                     	1
36	7	prueba bioskin                                                                                                                                        	contesto                                                                                                                                              	1
-- Data for Name: history; Type: TABLE DATA; Schema: public; Owner: root
--

COPY public.history (id, user_id, slot_rent_id, slot_left_id, state, bike_id, date_reserved) FROM stdin;
2	1	2	2	f	1	2023-01-24
3	1	20	35	f	5	2023-01-22
1	1	1	32	f	1	2023-01-24
22	1	49	54	f	3	2023-02-21
23	1	42	38	f	3	2023-02-21
24	1	48	31	f	3	2023-02-21
25	1	38	\N	t	3	2023-02-21
\.


--
-- Data for Name: profile; Type: TABLE DATA; Schema: public; Owner: root
--

COPY public.profile (id, avatar, email) FROM stdin;
3	https://go.dev/blog/gopher/gopher.png	\N
5	https://go.dev/blog/gopher/gopher.png	\N
7	https://st2.depositphotos.com/18826394/44325/v/450/depositphotos_443251508-stock-illustration-office-worker-employee-simple-and.jpg	admin@admin.com                                                                                                                                                                                                                                                                                                                                                                                                                                                                                                     
1	https://rfef.isquad.es/images/afiliacion/48608808X.JPG	rtonto@gmail.com                                                                                                                                                                                                                                                                                                                                                                                                                                                                                                    
4	https://st2.depositphotos.com/18826394/44325/v/450/depositphotos_443251508-stock-illustration-office-worker-employee-simple-and.jpg	admin@gmail.com                                                                                                                                                                                                                                                                                                                                                                                                                                                                                                     
2	https://rfef.isquad.es/images/afiliacion/48608659E.JPG	sbiosca94@gmail.com                                                                                                                                                                                                                                                                                                                                                                                                                                                                                                 
6	https://api.dicebear.com/5.x/big-smile/svg?seed=bioskin	bioskin@gmail.com                                                                                                                                                                                                                                                                                                                                                                                                                                                                                                   
\.


--
-- Data for Name: profile_profile; Type: TABLE DATA; Schema: public; Owner: root
--

COPY public.profile_profile (id, avatar) FROM stdin;
\.


--
-- Data for Name: renting; Type: TABLE DATA; Schema: public; Owner: root
--

COPY public.renting (id, user_id, station_id, slot_id, bike_id, date) FROM stdin;
19	1	2	17	18	2023-01-24
20	1	2	17	16	2023-01-24
40	7	1	10	1	2023-01-21
41	7	6	63	2	2023-01-21
87	1	4	38	3	2023-01-02
\.


--
-- Data for Name: slot_station; Type: TABLE DATA; Schema: public; Owner: root
--

COPY public.slot_station (id, name, lat, long, bikes) FROM stdin;
\.


--
-- Data for Name: slots; Type: TABLE DATA; Schema: public; Owner: root
--

COPY public.slots (id, station_id, bike_id, state) FROM stdin;
59	5	0	f
3	1	0	t
2	1	0	t
1	1	0	t
4	2	0	t
5	2	0	t
6	2	0	t
8	1	0	t
9	1	0	t
11	1	0	t
12	1	0	t
22	2	0	t
23	2	0	t
25	3	0	t
31	3	0	t
32	3	0	t
34	3	0	t
42	4	0	t
44	4	0	t
49	5	0	t
50	5	0	t
52	5	0	t
53	5	0	t
55	5	0	t
57	5	0	t
61	6	0	t
64	6	0	t
67	6	0	t
68	6	0	t
70	6	0	t
71	6	0	t
65	6	0	t
72	6	0	t
38	4	0	t
45	4	0	t
47	4	0	t
58	5	0	t
16	2	0	t
17	2	0	t
18	2	0	t
19	2	0	t
24	2	0	t
26	3	0	t
20	2	0	t
21	2	0	f
69	6	0	f
14	1	0	t
15	1	0	t
40	4	0	t
37	4	0	t
27	3	0	t
28	3	0	t
51	5	0	t
56	5	0	t
54	5	0	t
10	1	0	t
62	6	0	t
13	1	0	t
36	3	0	t
41	4	0	t
30	3	0	t
66	6	0	t
29	3	0	t
48	4	0	t
63	6	3	t
35	3	0	t
39	4	0	t
46	4	0	t
43	4	0	t
60	5	0	t
33	3	0	t
7	1	3	t
\.


--
-- Data for Name: station; Type: TABLE DATA; Schema: public; Owner: root
--

COPY public.station (id, name, long, lat, img) FROM stdin;
6	Pou Clar	-0.6124835	38.7984651	http://turismo.ontinyent.es/ontinyent/uploaded/11_AFO_LUIS_BOTELLA.jpg
2	San Rafael	-0.6086483	38.8208413	https://www.ontinyent.es/sites/www.ontinyent.es/files/images/02-03-11-visira-centro-civico-san-rafael-2.jpg
1	Almaig	-0.6042993	38.8186143	https://loclar.es/media/post/2020/6/almaig.jpg
4	Mirador	-0.6121701	38.8227769	https://lh5.googleusercontent.com/p/AF1QipMgSoB8onS6A3ozE2-2TJJml8467gY-349HZjX6=w408-h306-k-no
5	Poliesportiu	-0.6106507	38.8135783	https://i.pinimg.com/originals/e2/a7/92/e2a792acda5ef1957e82fe20560e2304.jpg
3	San Josep	-0.6039427000	38.8243080000	https://loclar.es/media/post/2021/5/daniel_gil.jpg
\.


--
-- Data for Name: station_station; Type: TABLE DATA; Schema: public; Owner: root
--

COPY public.station_station (id, name, lat, long, bikes) FROM stdin;
\.


--
-- Data for Name: user_user; Type: TABLE DATA; Schema: public; Owner: root
--

COPY public.user_user (id, username, password, profile_id_id, "isAdmin") FROM stdin;
\.


--
-- Name: _user_id_seq; Type: SEQUENCE SET; Schema: public; Owner: root
--

SELECT pg_catalog.setval('public._user_id_seq', 8, true);


--
-- Name: alerts_id_seq; Type: SEQUENCE SET; Schema: public; Owner: root
--

SELECT pg_catalog.setval('public.alerts_id_seq', 38, true);


--
-- Name: auth_group_id_seq; Type: SEQUENCE SET; Schema: public; Owner: root
--

SELECT pg_catalog.setval('public.auth_group_id_seq', 1, false);


--
-- Name: auth_group_permissions_id_seq; Type: SEQUENCE SET; Schema: public; Owner: root
--

SELECT pg_catalog.setval('public.auth_group_permissions_id_seq', 1, false);


--
-- Name: auth_permission_id_seq; Type: SEQUENCE SET; Schema: public; Owner: root
--

SELECT pg_catalog.setval('public.auth_permission_id_seq', 64, true);


--
-- Name: auth_user_groups_id_seq; Type: SEQUENCE SET; Schema: public; Owner: root
--

SELECT pg_catalog.setval('public.auth_user_groups_id_seq', 1, false);


--
-- Name: auth_user_id_seq; Type: SEQUENCE SET; Schema: public; Owner: root
--

SELECT pg_catalog.setval('public.auth_user_id_seq', 1, false);


--
-- Name: auth_user_user_permissions_id_seq; Type: SEQUENCE SET; Schema: public; Owner: root
--

SELECT pg_catalog.setval('public.auth_user_user_permissions_id_seq', 1, false);


--
-- Name: bike_id_seq; Type: SEQUENCE SET; Schema: public; Owner: root
--

SELECT pg_catalog.setval('public.bike_id_seq', 21, false);


--
-- Name: django_admin_log_id_seq; Type: SEQUENCE SET; Schema: public; Owner: root
--

SELECT pg_catalog.setval('public.django_admin_log_id_seq', 1, false);


--
-- Name: django_content_type_id_seq; Type: SEQUENCE SET; Schema: public; Owner: root
--

SELECT pg_catalog.setval('public.django_content_type_id_seq', 16, true);


--
-- Name: django_migrations_id_seq; Type: SEQUENCE SET; Schema: public; Owner: root
--

SELECT pg_catalog.setval('public.django_migrations_id_seq', 22, true);


--
-- Name: incidence_id_seq; Type: SEQUENCE SET; Schema: public; Owner: root
--

SELECT pg_catalog.setval('public.incidence_id_seq', 37, true);
-- Name: history_id_seq; Type: SEQUENCE SET; Schema: public; Owner: root
--

SELECT pg_catalog.setval('public.history_id_seq', 25, true);


--
-- Name: profile_id_seq; Type: SEQUENCE SET; Schema: public; Owner: root
--

SELECT pg_catalog.setval('public.profile_id_seq', 7, true);


--
-- Name: profile_profile_id_seq; Type: SEQUENCE SET; Schema: public; Owner: root
--

SELECT pg_catalog.setval('public.profile_profile_id_seq', 1, false);


--
-- Name: renting_id_seq; Type: SEQUENCE SET; Schema: public; Owner: root
--

SELECT pg_catalog.setval('public.renting_id_seq', 57, true);


--
-- Name: slot_station_id_seq; Type: SEQUENCE SET; Schema: public; Owner: root
--

SELECT pg_catalog.setval('public.slot_station_id_seq', 1, false);


--
-- Name: slots_id_seq; Type: SEQUENCE SET; Schema: public; Owner: root
--

SELECT pg_catalog.setval('public.slots_id_seq', 72, true);


--
-- Name: station_id_seq; Type: SEQUENCE SET; Schema: public; Owner: root
--

SELECT pg_catalog.setval('public.station_id_seq', 10, true);


--
-- Name: station_station_id_seq; Type: SEQUENCE SET; Schema: public; Owner: root
--

SELECT pg_catalog.setval('public.station_station_id_seq', 1, false);


--
-- Name: user_user_id_seq; Type: SEQUENCE SET; Schema: public; Owner: root
--

SELECT pg_catalog.setval('public.user_user_id_seq', 1, false);


--
-- Name: _user _user_pkey; Type: CONSTRAINT; Schema: public; Owner: root
--

ALTER TABLE ONLY public._user
    ADD CONSTRAINT _user_pkey PRIMARY KEY (id);


--
-- Name: alerts alerts_pkey; Type: CONSTRAINT; Schema: public; Owner: root
--

ALTER TABLE ONLY public.alerts
    ADD CONSTRAINT alerts_pkey PRIMARY KEY (id);


--
-- Name: auth_group auth_group_name_key; Type: CONSTRAINT; Schema: public; Owner: root
--

ALTER TABLE ONLY public.auth_group
    ADD CONSTRAINT auth_group_name_key UNIQUE (name);


--
-- Name: auth_group_permissions auth_group_permissions_group_id_permission_id_0cd325b0_uniq; Type: CONSTRAINT; Schema: public; Owner: root
--

ALTER TABLE ONLY public.auth_group_permissions
    ADD CONSTRAINT auth_group_permissions_group_id_permission_id_0cd325b0_uniq UNIQUE (group_id, permission_id);


--
-- Name: auth_group_permissions auth_group_permissions_pkey; Type: CONSTRAINT; Schema: public; Owner: root
--

ALTER TABLE ONLY public.auth_group_permissions
    ADD CONSTRAINT auth_group_permissions_pkey PRIMARY KEY (id);


--
-- Name: auth_group auth_group_pkey; Type: CONSTRAINT; Schema: public; Owner: root
--

ALTER TABLE ONLY public.auth_group
    ADD CONSTRAINT auth_group_pkey PRIMARY KEY (id);


--
-- Name: auth_permission auth_permission_content_type_id_codename_01ab375a_uniq; Type: CONSTRAINT; Schema: public; Owner: root
--

ALTER TABLE ONLY public.auth_permission
    ADD CONSTRAINT auth_permission_content_type_id_codename_01ab375a_uniq UNIQUE (content_type_id, codename);


--
-- Name: auth_permission auth_permission_pkey; Type: CONSTRAINT; Schema: public; Owner: root
--

ALTER TABLE ONLY public.auth_permission
    ADD CONSTRAINT auth_permission_pkey PRIMARY KEY (id);


--
-- Name: auth_user_groups auth_user_groups_pkey; Type: CONSTRAINT; Schema: public; Owner: root
--

ALTER TABLE ONLY public.auth_user_groups
    ADD CONSTRAINT auth_user_groups_pkey PRIMARY KEY (id);


--
-- Name: auth_user_groups auth_user_groups_user_id_group_id_94350c0c_uniq; Type: CONSTRAINT; Schema: public; Owner: root
--

ALTER TABLE ONLY public.auth_user_groups
    ADD CONSTRAINT auth_user_groups_user_id_group_id_94350c0c_uniq UNIQUE (user_id, group_id);


--
-- Name: auth_user auth_user_pkey; Type: CONSTRAINT; Schema: public; Owner: root
--

ALTER TABLE ONLY public.auth_user
    ADD CONSTRAINT auth_user_pkey PRIMARY KEY (id);


--
-- Name: auth_user_user_permissions auth_user_user_permissions_pkey; Type: CONSTRAINT; Schema: public; Owner: root
--

ALTER TABLE ONLY public.auth_user_user_permissions
    ADD CONSTRAINT auth_user_user_permissions_pkey PRIMARY KEY (id);


--
-- Name: auth_user_user_permissions auth_user_user_permissions_user_id_permission_id_14a6b632_uniq; Type: CONSTRAINT; Schema: public; Owner: root
--

ALTER TABLE ONLY public.auth_user_user_permissions
    ADD CONSTRAINT auth_user_user_permissions_user_id_permission_id_14a6b632_uniq UNIQUE (user_id, permission_id);


--
-- Name: auth_user auth_user_username_key; Type: CONSTRAINT; Schema: public; Owner: root
--

ALTER TABLE ONLY public.auth_user
    ADD CONSTRAINT auth_user_username_key UNIQUE (username);


--
-- Name: bike bike_pkey; Type: CONSTRAINT; Schema: public; Owner: root
--

ALTER TABLE ONLY public.bike
    ADD CONSTRAINT bike_pkey PRIMARY KEY (id);


--
-- Name: django_admin_log django_admin_log_pkey; Type: CONSTRAINT; Schema: public; Owner: root
--

ALTER TABLE ONLY public.django_admin_log
    ADD CONSTRAINT django_admin_log_pkey PRIMARY KEY (id);


--
-- Name: django_content_type django_content_type_app_label_model_76bd3d3b_uniq; Type: CONSTRAINT; Schema: public; Owner: root
--

ALTER TABLE ONLY public.django_content_type
    ADD CONSTRAINT django_content_type_app_label_model_76bd3d3b_uniq UNIQUE (app_label, model);


--
-- Name: django_content_type django_content_type_pkey; Type: CONSTRAINT; Schema: public; Owner: root
--

ALTER TABLE ONLY public.django_content_type
    ADD CONSTRAINT django_content_type_pkey PRIMARY KEY (id);


--
-- Name: django_migrations django_migrations_pkey; Type: CONSTRAINT; Schema: public; Owner: root
--

ALTER TABLE ONLY public.django_migrations
    ADD CONSTRAINT django_migrations_pkey PRIMARY KEY (id);


--
-- Name: django_session django_session_pkey; Type: CONSTRAINT; Schema: public; Owner: root
--

ALTER TABLE ONLY public.django_session
    ADD CONSTRAINT django_session_pkey PRIMARY KEY (session_key);


--
-- Name: history history_pkey; Type: CONSTRAINT; Schema: public; Owner: root
--

ALTER TABLE ONLY public.history
    ADD CONSTRAINT history_pkey PRIMARY KEY (id);


--
-- Name: profile profile_pkey; Type: CONSTRAINT; Schema: public; Owner: root
--

ALTER TABLE ONLY public.profile
    ADD CONSTRAINT profile_pkey PRIMARY KEY (id);


--
-- Name: profile_profile profile_profile_pkey; Type: CONSTRAINT; Schema: public; Owner: root
--

ALTER TABLE ONLY public.profile_profile
    ADD CONSTRAINT profile_profile_pkey PRIMARY KEY (id);


--
-- Name: renting renting_pkey; Type: CONSTRAINT; Schema: public; Owner: root
--

ALTER TABLE ONLY public.renting
    ADD CONSTRAINT renting_pkey PRIMARY KEY (id);


--
-- Name: slot_station slot_station_pkey; Type: CONSTRAINT; Schema: public; Owner: root
--

ALTER TABLE ONLY public.slot_station
    ADD CONSTRAINT slot_station_pkey PRIMARY KEY (id);


--
-- Name: slots slots_pkey; Type: CONSTRAINT; Schema: public; Owner: root
--

ALTER TABLE ONLY public.slots
    ADD CONSTRAINT slots_pkey PRIMARY KEY (id);


--
-- Name: station station_pkey; Type: CONSTRAINT; Schema: public; Owner: root
--

ALTER TABLE ONLY public.station
    ADD CONSTRAINT station_pkey PRIMARY KEY (id);


--
-- Name: station_station station_station_pkey; Type: CONSTRAINT; Schema: public; Owner: root
--

ALTER TABLE ONLY public.station_station
    ADD CONSTRAINT station_station_pkey PRIMARY KEY (id);


--
-- Name: incidence user_; Type: CONSTRAINT; Schema: public; Owner: root
--

ALTER TABLE ONLY public.incidence
    ADD CONSTRAINT user_ PRIMARY KEY (id);


--
-- Name: user_user user_user_pkey; Type: CONSTRAINT; Schema: public; Owner: root
--

ALTER TABLE ONLY public.user_user
    ADD CONSTRAINT user_user_pkey PRIMARY KEY (id);


--
-- Name: auth_group_name_a6ea08ec_like; Type: INDEX; Schema: public; Owner: root
--

CREATE INDEX auth_group_name_a6ea08ec_like ON public.auth_group USING btree (name varchar_pattern_ops);


--
-- Name: auth_group_permissions_group_id_b120cbf9; Type: INDEX; Schema: public; Owner: root
--

CREATE INDEX auth_group_permissions_group_id_b120cbf9 ON public.auth_group_permissions USING btree (group_id);


--
-- Name: auth_group_permissions_permission_id_84c5c92e; Type: INDEX; Schema: public; Owner: root
--

CREATE INDEX auth_group_permissions_permission_id_84c5c92e ON public.auth_group_permissions USING btree (permission_id);


--
-- Name: auth_permission_content_type_id_2f476e4b; Type: INDEX; Schema: public; Owner: root
--

CREATE INDEX auth_permission_content_type_id_2f476e4b ON public.auth_permission USING btree (content_type_id);


--
-- Name: auth_user_groups_group_id_97559544; Type: INDEX; Schema: public; Owner: root
--

CREATE INDEX auth_user_groups_group_id_97559544 ON public.auth_user_groups USING btree (group_id);


--
-- Name: auth_user_groups_user_id_6a12ed8b; Type: INDEX; Schema: public; Owner: root
--

CREATE INDEX auth_user_groups_user_id_6a12ed8b ON public.auth_user_groups USING btree (user_id);


--
-- Name: auth_user_user_permissions_permission_id_1fbb5f2c; Type: INDEX; Schema: public; Owner: root
--

CREATE INDEX auth_user_user_permissions_permission_id_1fbb5f2c ON public.auth_user_user_permissions USING btree (permission_id);


--
-- Name: auth_user_user_permissions_user_id_a95ead1b; Type: INDEX; Schema: public; Owner: root
--

CREATE INDEX auth_user_user_permissions_user_id_a95ead1b ON public.auth_user_user_permissions USING btree (user_id);


--
-- Name: auth_user_username_6821ab7c_like; Type: INDEX; Schema: public; Owner: root
--

CREATE INDEX auth_user_username_6821ab7c_like ON public.auth_user USING btree (username varchar_pattern_ops);


--
-- Name: django_admin_log_content_type_id_c4bce8eb; Type: INDEX; Schema: public; Owner: root
--

CREATE INDEX django_admin_log_content_type_id_c4bce8eb ON public.django_admin_log USING btree (content_type_id);


--
-- Name: django_admin_log_user_id_c564eba6; Type: INDEX; Schema: public; Owner: root
--

CREATE INDEX django_admin_log_user_id_c564eba6 ON public.django_admin_log USING btree (user_id);


--
-- Name: django_session_expire_date_a5c62663; Type: INDEX; Schema: public; Owner: root
--

CREATE INDEX django_session_expire_date_a5c62663 ON public.django_session USING btree (expire_date);


--
-- Name: django_session_session_key_c0390e0f_like; Type: INDEX; Schema: public; Owner: root
--

CREATE INDEX django_session_session_key_c0390e0f_like ON public.django_session USING btree (session_key varchar_pattern_ops);


--
-- Name: user_user_profile_id_id_58f0299f; Type: INDEX; Schema: public; Owner: root
--

CREATE INDEX user_user_profile_id_id_58f0299f ON public.user_user USING btree (profile_id_id);


--
-- Name: renting rent_bike; Type: TRIGGER; Schema: public; Owner: root
--

CREATE TRIGGER rent_bike AFTER INSERT ON public.renting FOR EACH ROW EXECUTE FUNCTION public.rent_bike();


--
-- Name: renting unlet_bike; Type: TRIGGER; Schema: public; Owner: root
--

CREATE TRIGGER unlet_bike AFTER DELETE ON public.renting FOR EACH ROW EXECUTE FUNCTION public.unlet_bike();


--
-- Name: auth_group_permissions auth_group_permissio_permission_id_84c5c92e_fk_auth_perm; Type: FK CONSTRAINT; Schema: public; Owner: root
--

ALTER TABLE ONLY public.auth_group_permissions
    ADD CONSTRAINT auth_group_permissio_permission_id_84c5c92e_fk_auth_perm FOREIGN KEY (permission_id) REFERENCES public.auth_permission(id) DEFERRABLE INITIALLY DEFERRED;


--
-- Name: auth_group_permissions auth_group_permissions_group_id_b120cbf9_fk_auth_group_id; Type: FK CONSTRAINT; Schema: public; Owner: root
--

ALTER TABLE ONLY public.auth_group_permissions
    ADD CONSTRAINT auth_group_permissions_group_id_b120cbf9_fk_auth_group_id FOREIGN KEY (group_id) REFERENCES public.auth_group(id) DEFERRABLE INITIALLY DEFERRED;


--
-- Name: auth_permission auth_permission_content_type_id_2f476e4b_fk_django_co; Type: FK CONSTRAINT; Schema: public; Owner: root
--

ALTER TABLE ONLY public.auth_permission
    ADD CONSTRAINT auth_permission_content_type_id_2f476e4b_fk_django_co FOREIGN KEY (content_type_id) REFERENCES public.django_content_type(id) DEFERRABLE INITIALLY DEFERRED;


--
-- Name: auth_user_groups auth_user_groups_group_id_97559544_fk_auth_group_id; Type: FK CONSTRAINT; Schema: public; Owner: root
--

ALTER TABLE ONLY public.auth_user_groups
    ADD CONSTRAINT auth_user_groups_group_id_97559544_fk_auth_group_id FOREIGN KEY (group_id) REFERENCES public.auth_group(id) DEFERRABLE INITIALLY DEFERRED;


--
-- Name: auth_user_groups auth_user_groups_user_id_6a12ed8b_fk_auth_user_id; Type: FK CONSTRAINT; Schema: public; Owner: root
--

ALTER TABLE ONLY public.auth_user_groups
    ADD CONSTRAINT auth_user_groups_user_id_6a12ed8b_fk_auth_user_id FOREIGN KEY (user_id) REFERENCES public.auth_user(id) DEFERRABLE INITIALLY DEFERRED;


--
-- Name: auth_user_user_permissions auth_user_user_permi_permission_id_1fbb5f2c_fk_auth_perm; Type: FK CONSTRAINT; Schema: public; Owner: root
--

ALTER TABLE ONLY public.auth_user_user_permissions
    ADD CONSTRAINT auth_user_user_permi_permission_id_1fbb5f2c_fk_auth_perm FOREIGN KEY (permission_id) REFERENCES public.auth_permission(id) DEFERRABLE INITIALLY DEFERRED;


--
-- Name: auth_user_user_permissions auth_user_user_permissions_user_id_a95ead1b_fk_auth_user_id; Type: FK CONSTRAINT; Schema: public; Owner: root
--

ALTER TABLE ONLY public.auth_user_user_permissions
    ADD CONSTRAINT auth_user_user_permissions_user_id_a95ead1b_fk_auth_user_id FOREIGN KEY (user_id) REFERENCES public.auth_user(id) DEFERRABLE INITIALLY DEFERRED;


--
-- Name: django_admin_log django_admin_log_content_type_id_c4bce8eb_fk_django_co; Type: FK CONSTRAINT; Schema: public; Owner: root
--

ALTER TABLE ONLY public.django_admin_log
    ADD CONSTRAINT django_admin_log_content_type_id_c4bce8eb_fk_django_co FOREIGN KEY (content_type_id) REFERENCES public.django_content_type(id) DEFERRABLE INITIALLY DEFERRED;


--
-- Name: django_admin_log django_admin_log_user_id_c564eba6_fk_auth_user_id; Type: FK CONSTRAINT; Schema: public; Owner: root
--

ALTER TABLE ONLY public.django_admin_log
    ADD CONSTRAINT django_admin_log_user_id_c564eba6_fk_auth_user_id FOREIGN KEY (user_id) REFERENCES public.auth_user(id) DEFERRABLE INITIALLY DEFERRED;


--
-- Name: alerts incidence_id; Type: FK CONSTRAINT; Schema: public; Owner: root
--

ALTER TABLE ONLY public.alerts
    ADD CONSTRAINT incidence_id FOREIGN KEY (incidence_id) REFERENCES public.incidence(id) NOT VALID;


--
-- Name: renting related_bike_rent; Type: FK CONSTRAINT; Schema: public; Owner: root
--

ALTER TABLE ONLY public.renting
    ADD CONSTRAINT related_bike_rent FOREIGN KEY (bike_id) REFERENCES public.bike(id) NOT VALID;


--
-- Name: renting related_slot_rent; Type: FK CONSTRAINT; Schema: public; Owner: root
--

ALTER TABLE ONLY public.renting
    ADD CONSTRAINT related_slot_rent FOREIGN KEY (slot_id) REFERENCES public.slots(id) NOT VALID;


--
-- Name: renting related_station_rent; Type: FK CONSTRAINT; Schema: public; Owner: root
--

ALTER TABLE ONLY public.renting
    ADD CONSTRAINT related_station_rent FOREIGN KEY (station_id) REFERENCES public.station(id) NOT VALID;


--
-- Name: slots related_station_slot; Type: FK CONSTRAINT; Schema: public; Owner: root
--

ALTER TABLE ONLY public.slots
    ADD CONSTRAINT related_station_slot FOREIGN KEY (station_id) REFERENCES public.station(id) NOT VALID;


--
-- Name: alerts related_user_alert; Type: FK CONSTRAINT; Schema: public; Owner: root
--

ALTER TABLE ONLY public.alerts
    ADD CONSTRAINT related_user_alert FOREIGN KEY (user_id) REFERENCES public._user(id);


--
-- Name: _user related_user_profile; Type: FK CONSTRAINT; Schema: public; Owner: root
--

ALTER TABLE ONLY public._user
    ADD CONSTRAINT related_user_profile FOREIGN KEY (profile_id) REFERENCES public.profile(id);


--
-- Name: renting related_user_rent; Type: FK CONSTRAINT; Schema: public; Owner: root
--

ALTER TABLE ONLY public.renting
    ADD CONSTRAINT related_user_rent FOREIGN KEY (user_id) REFERENCES public._user(id) NOT VALID;


--
-- Name: alerts rent_id; Type: FK CONSTRAINT; Schema: public; Owner: root
--

ALTER TABLE ONLY public.alerts
    ADD CONSTRAINT rent_id FOREIGN KEY (rent_id) REFERENCES public.renting(id) NOT VALID;


--
-- Name: incidence user_id; Type: FK CONSTRAINT; Schema: public; Owner: root
--

ALTER TABLE ONLY public.incidence
    ADD CONSTRAINT user_id FOREIGN KEY (user_id) REFERENCES public._user(id);


--
-- Name: user_user user_user_profile_id_id_58f0299f_fk_profile_profile_id; Type: FK CONSTRAINT; Schema: public; Owner: root
--

ALTER TABLE ONLY public.user_user
    ADD CONSTRAINT user_user_profile_id_id_58f0299f_fk_profile_profile_id FOREIGN KEY (profile_id_id) REFERENCES public.profile_profile(id) DEFERRABLE INITIALLY DEFERRED;


--
-- PostgreSQL database dump complete
--

